kind,device,length,lat_p50_ms,lat_p95_ms,lat_p99_ms,lat_mean_ms,state_kb,gpu_peak_mb
ssm,cuda,10,1.776020391844213,2.0553150679916143,2.1108000073581934,1.8278667237609625,80.0,12.518912
ssm,cuda,25,1.7914805794134736,1.9803631585091352,2.199487993493676,1.7973015550523996,80.0,12.526592
ssm,cuda,50,1.9042089115828276,2.1210990380495787,2.162467921152711,1.9089249428361654,80.0,12.539392
ssm,cuda,100,1.902886084280908,1.9661160185933113,2.1920939907431602,1.891450211405754,80.0,12.564992
ssm,cuda,200,1.9026360241696239,2.111320849508047,2.1122130565345287,1.876348218259712,80.0,12.616192
ssm,cuda,500,1.888924976810813,2.2080850321799517,2.2422599140554667,1.9086816115304828,80.0,12.769792
ssm,cuda,1000,1.8942999886348844,1.9308098126202822,1.9349169451743364,1.8431734448919694,80.0,13.025792
ssm,cuda,2000,1.8946159398183227,1.9488930702209473,1.9621290266513824,1.8545348042001326,80.0,13.537792
ssm,cuda,5000,1.8322274554520845,1.916141016408801,2.0245660562068224,1.8210897998263438,80.0,15.073792
ssm,cuda,10000,1.6974069876596332,2.95572099275887,2.991368994116783,1.8554421607404947,80.0,17.633792
xf_grow,cuda,10,1.1356920003890991,1.2436669785529375,2.0498239900916815,1.1259797494858503,36.0,12.329984
xf_grow,cuda,25,0.996457994915545,1.097158994525671,1.4576420653611422,1.0169835295528173,96.0,12.414464
xf_grow,cuda,50,0.9975554421544075,1.0054460726678371,1.0235789231956005,0.9984288519869248,196.0,12.555264
xf_grow,cuda,100,1.0005360236391425,1.0071189608424902,1.011406071484089,1.0004028134668868,396.0,12.836864
xf_grow,cuda,200,1.1373653542250395,1.16867502219975,1.170518109574914,1.1161061702296138,796.0,13.400064
xf_grow,cuda,500,0.9992739651352167,1.1691958643496037,1.2055549304932356,1.0212340236951907,1996.0,15.089664
xf_grow,cuda,1000,1.0097235208377242,1.1780429631471634,1.23971002176404,1.0298102317998807,3996.0,17.905664
xf_grow,cuda,2000,1.3592459727078676,1.3766188640147448,1.3893728610128164,1.36132319457829,7996.0,23.537664
xf_grow,cuda,5000,3.121235524304211,3.382069058716297,3.52361798286438,3.1708290334790945,19996.0,40.933888
xf_grow,cuda,10000,6.115444004535675,6.451786961406469,6.4944380428642035,6.116050318814814,39996.0,70.353408
xf_window,cuda,10,1.1637009447440505,1.2113258708268404,1.3709280174225569,1.138389700402816,32.0,12.329984
xf_window,cuda,25,1.050881459377706,1.20375188998878,1.2207841500639915,1.0787700147678454,32.0,12.338688
xf_window,cuda,50,1.0499401250854135,1.2056948617100716,1.2130290269851685,1.0791651516531904,32.0,12.351488
xf_window,cuda,100,1.054107560776174,1.230372115969658,1.2352301273494959,1.0801677669708927,32.0,12.377088
xf_window,cuda,200,1.0549036087468266,1.2134499847888947,1.3996120542287827,1.113522828867038,32.0,12.428288
xf_window,cuda,500,1.2151725823059678,1.3465320225805044,1.4588248450309038,1.1804550420492887,32.0,12.581888
xf_window,cuda,1000,1.0431070113554597,1.0973589960485697,1.116706058382988,1.0504115838557482,32.0,12.837888
xf_window,cuda,2000,1.0631800396367908,1.2280370574444532,1.3592750765383244,1.11502210299174,32.0,13.349888
xf_window,cuda,5000,1.042655436322093,1.1417539790272713,1.1512821074575186,1.0528517343724768,32.0,14.885888
xf_window,cuda,10000,1.203355030156672,1.5676310285925865,1.6036389861255884,1.2332472562169035,32.0,17.445888
ssm,cpu,10,0.9521050378680229,0.9675340261310339,0.9692560415714979,0.9537559002637863,80.0,nan
ssm,cpu,25,0.9595435112714767,0.9732339531183243,0.9761699475347996,0.9598059424509605,80.0,nan
ssm,cpu,50,0.9619429474696517,0.9809988550841808,0.9834729135036469,0.9628708784778913,80.0,nan
ssm,cpu,100,0.9652695152908564,0.9794260840862989,0.9798470418900251,0.9637349207575122,80.0,nan
ssm,cpu,200,0.9672128362581134,0.9841041173785925,0.984785845503211,0.9692547144368291,80.0,nan
ssm,cpu,500,0.9524250635877252,0.9799068793654442,0.9802279528230429,0.957177517314752,80.0,nan
ssm,cpu,1000,0.9661315707489848,0.9750069584697485,0.9786449372768402,0.9660049341619015,80.0,nan
ssm,cpu,2000,0.9722374379634857,0.9800570551306009,0.986289931461215,0.972005616252621,80.0,nan
ssm,cpu,5000,1.572525012306869,1.5998419839888811,1.6020250041037798,1.5636547313382227,80.0,nan
ssm,cpu,10000,0.8802280062809587,1.2944729533046484,1.371398800984025,1.007053682891031,80.0,nan
xf_grow,cpu,10,0.9815954836085439,1.056963112205267,1.1224769987165928,0.9743892820551991,36.0,nan
xf_grow,cpu,25,0.7758954307064414,0.8536279201507568,0.9298818185925484,0.7422147085890174,96.0,nan
xf_grow,cpu,50,0.7790809031575918,0.991638982668519,1.0100239887833595,0.8285563671961427,196.0,nan
xf_grow,cpu,100,0.720110023394227,0.8544791489839554,0.9605800732970238,0.7501245010644197,396.0,nan
xf_grow,cpu,200,0.9149489924311638,1.107699004933238,1.1743360664695501,0.9080373138810197,796.0,nan
xf_grow,cpu,500,0.9892694652080536,1.1615208350121975,1.1633248068392277,1.0037470841780305,1996.0,nan
xf_grow,cpu,1000,0.957239419221878,1.3193900231271982,1.3225958682596684,1.0936461466675003,3996.0,nan
xf_grow,cpu,2000,2.145420527085662,2.517028944566846,2.6082328986376524,2.185885220145186,7996.0,nan
xf_grow,cpu,5000,3.6912551149725914,3.983930218964815,4.084790125489235,3.714196182166537,19996.0,nan
xf_grow,cpu,10000,10.569790028966963,12.464801082387567,13.788108015432954,10.592258628457785,39996.0,nan
xf_window,cpu,10,0.7223290158435702,0.8380778599530458,0.8412550669163465,0.7475746640314659,32.0,nan
xf_window,cpu,25,0.80156943295151,0.9967179503291845,1.0301719885319471,0.8046601976578435,32.0,nan
xf_window,cpu,50,0.8811850566416979,1.0235300287604332,1.1218260042369366,0.8857475205635031,32.0,nan
xf_window,cpu,100,0.6996560841798782,0.8403630927205086,0.8417749777436256,0.735083936403195,32.0,nan
xf_window,cpu,200,0.8074849611148238,1.2482160236686468,1.2498979922384024,0.8782926636437575,32.0,nan
xf_window,cpu,500,0.7619484094902873,0.8238810114562511,0.8688957896083593,0.7588660266871253,32.0,nan
xf_window,cpu,1000,0.6913099205121398,0.7241920102387667,0.7258960977196693,0.692766229622066,32.0,nan
xf_window,cpu,2000,0.7562279934063554,0.8167182095348835,0.8186111226677895,0.7489341621597608,32.0,nan
xf_window,cpu,5000,0.8240364259108901,0.8689470123499632,0.9151739068329334,0.8066705350453655,32.0,nan
xf_window,cpu,10000,0.7217874517664313,0.9392201900482178,1.0689059272408485,0.7623813270280758,32.0,nan
