date,cfg_hash,core,combo,protocol,seed,top1,top2,top3,top5,dba,s31_top3,s32_top3,s33_top3,s34_top3,s31_dba,s32_dba,s33_dba,s34_dba,params,gflops,fps,latency_ms,peak_mem_mb,n_test,epochs,status
2026-07-23,ce3b69181198,ssm,2M,window-random,1337,0.4941,0.7416,0.8566,0.936,0.8887,0.8629,0.8613,0.8466,0.8525,0.8876,0.8885,0.883,0.8957,590594,15.443,3909.6,0.256,1120.8,3641,50,ok
2026-07-23,ce3b69181198,ssm,2M,window-random,2024,0.4902,0.7322,0.8489,0.9374,0.8903,0.8531,0.8485,0.838,0.8519,0.8878,0.8806,0.8888,0.902,590594,15.443,3752.0,0.267,1123.1,3641,50,ok
2026-07-23,ce3b69181198,ssm,2M,episode-random,1337,0.4112,0.6485,0.7795,0.8955,0.8398,0.8377,0.6261,0.8567,0.7568,0.8745,0.7194,0.8906,0.852,590594,15.443,3600.2,0.278,1125.5,3818,50,ok
2026-07-23,ce3b69181198,ssm,2M,episode-random,2024,0.4196,0.6452,0.7824,0.9061,0.8455,0.8408,0.7692,0.7885,0.7409,0.8786,0.8462,0.8369,0.8316,590594,15.443,4189.4,0.239,1127.9,3534,50,ok
2026-07-23,ce3b69181198,ssm,3M,window-random,1337,0.4554,0.7056,0.8275,0.9267,0.8792,0.8306,0.8548,0.8124,0.8168,0.8753,0.8869,0.8746,0.8843,688963,20.442,2709.2,0.369,1258.1,3641,50,ok
2026-07-23,ce3b69181198,ssm,3M,window-random,2024,0.4658,0.7059,0.8209,0.9275,0.8802,0.814,0.8241,0.8233,0.8274,0.8716,0.8726,0.8817,0.8974,688963,20.442,3328.6,0.3,1260.9,3641,50,ok
2026-07-23,ce3b69181198,ssm,3M,episode-random,1337,0.3892,0.6247,0.7564,0.8777,0.8265,0.826,0.6054,0.8202,0.7111,0.8727,0.6966,0.8719,0.8234,688963,20.442,3341.3,0.299,1263.7,3818,50,ok
2026-07-23,ce3b69181198,ssm,3M,episode-random,2024,0.4194,0.6545,0.7804,0.8939,0.8481,0.812,0.7949,0.7808,0.758,0.8625,0.8573,0.839,0.8455,688963,20.442,3591.0,0.278,1266.5,3534,50,ok
2026-07-23,ce3b69181198,ssm,4M,window-random,1337,0.4512,0.6957,0.8157,0.9223,0.8701,0.8284,0.8097,0.7896,0.8237,0.87,0.8727,0.8592,0.8783,787044,,1872.8,0.534,1355.2,3641,50,ok
2026-07-23,ce3b69181198,ssm,4M,window-random,2024,0.4611,0.6932,0.8248,0.9305,0.8738,0.8437,0.8078,0.826,0.8062,0.8724,0.8657,0.878,0.8781,787044,,2740.9,0.365,1358.4,3641,50,ok
2026-07-23,ce3b69181198,ssm,4M,episode-random,1337,0.3853,0.6147,0.7378,0.8604,0.8167,0.81,0.5576,0.764,0.7309,0.8613,0.6738,0.8369,0.8406,787044,,2727.1,0.367,1361.6,3818,50,ok
2026-07-23,ce3b69181198,ssm,4M,episode-random,2024,0.4106,0.6327,0.7657,0.8896,0.8431,0.8028,0.7821,0.744,0.7587,0.8664,0.8474,0.8227,0.8454,787044,,2817.3,0.355,1364.8,3534,50,ok
