1790597370,52.5,1500398464,0xe0000
1790597371,54.0,1500398464,0xe0000
1790597372,57.4,1500398464,0xe0000
1790597373,58.9,1500345728,0xe0000
1790597374,57.4,1500345728,0xe0000
1790597375,59.9,1500345728,0xe0000
1790597377,59.9,1500345728,0xe0000
1790597378,60.3,1500345728,0xe0000
1790597379,60.3,1500345728,0xe0000
1790597380,61.3,1500398464,0xe0000
1790597381,60.8,1500345728,0xe0000
1790597382,61.8,1500345728,0xe0000
1790597383,61.8,1500345728,0xe0000
1790597384,63.3,1500345728,0xe0000
1790597385,63.7,1500345728,0xe0000
1790597386,62.8,1500398464,0xe0000
1790597387,63.3,1500345728,0xe0000
1790597388,63.7,1500345728,0xe0000
1790597389,63.7,1500345728,0xe0000
1790597390,63.7,1500345728,0xe0000
1790597391,63.7,1500345728,0xe0000
1790597393,64.7,1500345728,0xe0000
1790597394,65.7,1500345728,0xe0000
1790597395,65.7,1500398464,0xe0000
1790597396,64.7,1500398464,0xe0000
1790597397,66.2,1500398464,0xe0000
1790597398,66.2,1500345728,0xe0000
1790597399,67.2,1500345728,0xe0000
1790597400,66.2,1500398464,0xe0000
1790597401,66.2,1500345728,0xe0000
1790597402,66.7,1500345728,0xe0000
1790597403,67.2,1500398464,0xe0000
1790597404,66.7,1500345728,0xe0000
1790597405,67.6,1500345728,0xe0000
1790597406,67.2,1500345728,0xe0000
1790597408,68.1,1500345728,0xe0000
1790597409,68.6,1500345728,0xe0000
1790597410,68.6,1500345728,0xe0000
1790597411,69.1,1500398464,0xe0000
1790597412,67.6,1500345728,0xe0000
1790597413,68.1,1500398464,0xe0000
1790597414,69.1,1500398464,0xe0000
1790597415,70.6,1500345728,0xe0000
1790597416,69.6,1500345728,0xe0000
1790597417,69.6,1500398464,0xe0000
1790597418,69.6,1500345728,0xe0000
1790597419,70.1,1500345728,0xe0000
1790597420,69.6,1500398464,0xe0000
1790597421,70.1,1500345728,0xe0000
1790597422,70.6,1500398464,0xe0000
1790597423,70.1,1500398464,0xe0000
1790597425,71.1,1500345728,0xe0000
1790597426,72.0,1500398464,0xe0000
1790597427,70.6,1500345728,0xe0000
1790597428,71.5,1500398464,0xe0000
1790597429,72.0,1500345728,0xe0000
1790597430,72.0,1500345728,0xe0000
1790597431,71.5,1500398464,0xe0000
1790597432,71.5,1500345728,0xe0000
1790597433,71.1,1500398464,0xe0000
1790597434,71.5,1500345728,0xe0000
1790597435,72.0,1500398464,0xe0000
1790597436,72.5,1500398464,0xe0000
1790597437,73.5,1500398464,0xe0000
1790597438,72.0,1500398464,0xe0000
1790597439,73.0,1500345728,0xe0000
1790597441,73.0,1500398464,0xe0000
1790597442,72.5,1500345728,0xe0000
1790597443,73.5,1500345728,0xe0000
1790597444,74.0,1500398464,0xe0000
1790597445,73.0,1500398464,0xe0000
1790597446,74.5,1500398464,0xe0000
1790597447,73.5,1500398464,0xe0000
1790597448,73.0,1500345728,0xe0000
1790597449,74.0,1500398464,0xe0000
1790597450,74.0,1500345728,0xe0000
1790597451,75.0,1500345728,0xe0000
1790597452,74.5,1500345728,0xe0000
1790597453,75.0,1500398464,0xe0000
1790597454,75.0,1500345728,0xe0000
1790597455,74.5,1500398464,0xe0000
1790597457,74.0,1500345728,0xe0000
1790597458,75.0,1500345728,0xe0000
1790597459,75.4,1500398464,0xe0000
1790597460,74.5,1500345728,0xe0000
1790597461,75.4,1500398464,0xe0000
1790597462,75.4,1500345728,0xe0000
1790597463,75.9,1500398464,0xe0000
1790597464,75.4,1500398464,0xe0000
1790597465,76.9,1500345728,0xe0000
1790597466,75.4,1500345728,0xe0000
1790597467,76.4,1500398464,0xe0000
1790597468,76.4,1500345728,0xe0000
1790597469,76.4,1500345728,0xe0000
1790597470,76.4,1500398464,0xe0000
1790597471,76.4,1500345728,0xe0000
1790597473,76.4,1500345728,0xe0000
1790597474,76.9,1500345728,0xe0000
1790597475,77.4,1500345728,0xe0000
1790597476,76.9,1500398464,0xe0000
1790597477,76.4,1500398464,0xe0000
1790597478,76.9,1500345728,0xe0000
1790597479,76.9,1500345728,0xe0000
1790597480,77.4,1500345728,0xe0000
1790597481,78.4,1500398464,0xe0000
1790597482,77.9,1500398464,0xe0000
1790597483,76.9,1500345728,0xe0000
1790597484,76.9,1500345728,0xe0000
1790597485,76.4,1500345728,0xe0000
1790597486,76.4,1500345728,0xe0000
1790597488,76.4,1500398464,0xe0000
1790597489,76.9,1500398464,0xe0000
1790597490,75.9,1500345728,0xe0000
1790597491,74.5,1500398464,0xe0000
