date,config_hash,combo,seed,core,val_top1,val_top5,val_dba,s33_top1,s33_top5,s33_dba,core_params,total_params,train_time_s,epochs,status
2026-07-21,e367fd32de97,gps+camera,1337,ssm,0.5257,0.942,0.899,0.0169,0.0911,0.0721,466560,590594,1362.7,30,ok
2026-07-21,e367fd32de97,gps+camera,2024,ssm,0.5231,0.9447,0.9038,0.0169,0.0895,0.0658,466560,590594,1344.5,30,ok
2026-07-21,e367fd32de97,gps+camera,7,ssm,0.5257,0.9407,0.9029,0.0236,0.1004,0.079,466560,590594,1353.6,30,ok
2026-07-21,e367fd32de97,gps+camera,1337,transformer,0.4638,0.913,0.8625,0.0158,0.0856,0.0718,464320,588354,1333.8,30,ok
2026-07-21,e367fd32de97,gps+camera,2024,transformer,0.4677,0.9183,0.8669,0.0114,0.0739,0.0586,464320,588354,1321.5,30,ok
2026-07-21,e367fd32de97,gps+camera,7,transformer,0.4954,0.9394,0.8937,0.0195,0.0783,0.0863,464320,588354,1341.4,30,ok
2026-07-21,e367fd32de97,gps+camera+radar,1337,ssm,0.4888,0.9315,0.8876,0.0223,0.0999,0.0757,466560,688675,1647.1,30,ok
2026-07-21,e367fd32de97,gps+camera+radar,2024,ssm,0.5191,0.9407,0.9091,0.0135,0.083,0.0585,466560,688675,1644.7,30,ok
2026-07-21,e367fd32de97,gps+camera+radar,7,ssm,0.5099,0.9354,0.9065,0.0252,0.104,0.0849,466560,688675,1650.3,30,ok
2026-07-21,e367fd32de97,gps+camera+radar,1337,transformer,0.469,0.9381,0.8643,0.0106,0.0555,0.0428,464320,686435,1633.1,30,ok
2026-07-21,e367fd32de97,gps+camera+radar,2024,transformer,0.4704,0.9289,0.8814,0.0086,0.0529,0.0389,464320,686435,1613.8,30,ok
2026-07-21,e367fd32de97,gps+camera+radar,7,transformer,0.5033,0.9368,0.8911,0.0135,0.0519,0.054,464320,686435,1637.7,30,ok
2026-07-21,e367fd32de97,gps+camera+lidar,1337,ssm,0.4967,0.9341,0.8942,0.0182,0.0892,0.0684,466560,688963,1862.8,30,ok
2026-07-21,e367fd32de97,gps+camera+lidar,2024,ssm,0.5059,0.9368,0.9038,0.0114,0.0768,0.0576,466560,688963,1857.6,30,ok
2026-07-21,e367fd32de97,gps+camera+lidar,7,ssm,0.5072,0.9407,0.8937,0.0174,0.0773,0.0719,466560,688963,1874.2,30,ok
2026-07-21,e367fd32de97,gps+camera+lidar,1337,transformer,0.4993,0.9249,0.881,0.0244,0.0752,0.0787,464320,686723,1869.8,30,ok
2026-07-21,e367fd32de97,gps+camera+lidar,2024,transformer,0.4875,0.9289,0.8836,0.0174,0.0464,0.0554,464320,686723,1885.0,30,ok
2026-07-21,e367fd32de97,gps+camera+lidar,7,transformer,0.4638,0.9091,0.8643,0.015,0.0488,0.0552,464320,686723,1877.3,30,ok
2026-07-21,e367fd32de97,gps+camera+lidar+radar,1337,ssm,0.4769,0.9341,0.8858,0.0156,0.0895,0.0691,466560,787044,2321.1,30,ok
2026-07-21,e367fd32de97,gps+camera+lidar+radar,2024,ssm,0.4901,0.9394,0.8968,0.0208,0.0903,0.0856,466560,787044,2075.5,30,ok
2026-07-21,e367fd32de97,gps+camera+lidar+radar,7,ssm,0.4901,0.9328,0.8841,0.0122,0.0799,0.058,466560,787044,2047.3,30,ok
2026-07-21,e367fd32de97,gps+camera+lidar+radar,1337,transformer,0.4677,0.9209,0.8766,0.0101,0.0516,0.047,464320,784804,2030.5,30,ok
2026-07-21,e367fd32de97,gps+camera+lidar+radar,2024,transformer,0.4611,0.9144,0.8704,0.014,0.0591,0.0567,464320,784804,2041.1,30,ok
2026-07-21,e367fd32de97,gps+camera+lidar+radar,7,transformer,0.4664,0.9302,0.8731,0.0213,0.0661,0.0693,464320,784804,2040.3,30,ok
