date,config_hash,window,core,seed,batch,val_top1,val_top5,val_dba,s33_top1,core_params,train_time_s,epochs,status
2026-07-22,8eab33cd5a8a,2,ssm,1337,64,0.5014,0.9428,0.8992,0.0151,466560,195.0,25,ok
2026-07-22,8eab33cd5a8a,2,ssm,2024,64,0.5123,0.9428,0.901,0.0109,466560,188.4,25,ok
2026-07-22,8eab33cd5a8a,2,transformer,1337,64,0.4714,0.9373,0.8837,0.0228,464320,178.6,25,ok
2026-07-22,8eab33cd5a8a,2,transformer,2024,64,0.4659,0.9183,0.8674,0.0162,464320,176.9,25,ok
2026-07-22,8eab33cd5a8a,4,ssm,1337,64,0.4877,0.9346,0.8955,0.0133,466560,364.5,25,ok
2026-07-22,8eab33cd5a8a,4,ssm,2024,64,0.4932,0.9401,0.8901,0.0119,466560,360.6,25,ok
2026-07-22,8eab33cd5a8a,4,transformer,1337,64,0.4414,0.9155,0.871,0.0372,464320,354.9,25,ok
2026-07-22,8eab33cd5a8a,4,transformer,2024,64,0.4469,0.9155,0.8638,0.007,464320,348.2,25,ok
2026-07-22,8eab33cd5a8a,8,ssm,1337,64,0.4932,0.9401,0.8919,0.0119,466560,760.7,25,ok
2026-07-22,8eab33cd5a8a,8,ssm,2024,64,0.4877,0.9428,0.9001,0.0123,466560,753.6,25,ok
2026-07-22,8eab33cd5a8a,8,transformer,1337,64,0.4469,0.9319,0.8819,0.026,464320,751.0,25,ok
2026-07-22,8eab33cd5a8a,8,transformer,2024,64,0.4496,0.9346,0.881,0.0067,464320,763.9,25,ok
2026-07-23,8eab33cd5a8a,16,ssm,1337,48,0.4796,0.9401,0.8983,0.014,466560,1283.9,25,ok
2026-07-23,8eab33cd5a8a,16,ssm,2024,48,0.4986,0.9319,0.8892,0.0109,466560,1295.3,25,ok
2026-07-23,8eab33cd5a8a,16,transformer,1337,48,0.4659,0.9319,0.8847,0.0309,464320,1295.6,25,ok
2026-07-23,8eab33cd5a8a,16,transformer,2024,48,0.4741,0.9346,0.8937,0.0077,464320,1249.4,25,ok
2026-07-23,8eab33cd5a8a,32,ssm,1337,32,,,,,,,25,FAIL:OutOfMemoryError
2026-07-23,8eab33cd5a8a,32,ssm,2024,32,,,,,,,25,FAIL:OutOfMemoryError
2026-07-23,8eab33cd5a8a,32,transformer,1337,32,,,,,,,25,FAIL:OutOfMemoryError
2026-07-23,8eab33cd5a8a,32,transformer,2024,32,,,,,,,25,FAIL:OutOfMemoryError
2026-07-23,8eab33cd5a8a,64,ssm,1337,16,,,,,,,25,FAIL:OutOfMemoryError
2026-07-23,8eab33cd5a8a,64,ssm,2024,16,,,,,,,25,FAIL:OutOfMemoryError
2026-07-23,8eab33cd5a8a,64,transformer,1337,16,,,,,,,25,FAIL:OutOfMemoryError
2026-07-23,8eab33cd5a8a,64,transformer,2024,16,,,,,,,25,FAIL:OutOfMemoryError
