1790595660.504,51.1,1500345728,0xe0000
1790595661.527,52.5,1500398464,0xe0000
1790595662.563,55.5,1500345728,0xe0000
1790595663.663,57.4,1500398464,0xe0000
1790595664.755,57.9,1500345728,0xe0000
1790595665.847,58.4,1500345728,0xe0000
1790595666.940,59.4,1500345728,0xe0000
1790595668.039,59.4,1500398464,0xe0000
1790595669.140,59.4,1500345728,0xe0000
1790595670.223,59.4,1500345728,0xe0000
1790595671.310,59.9,1500345728,0xe0000
1790595672.390,59.9,1500398464,0xe0000
1790595673.485,61.8,1500345728,0xe0000
1790595674.573,61.3,1500398464,0xe0000
1790595675.664,61.3,1500345728,0xe0000
1790595676.746,61.8,1500345728,0xe0000
1790595677.818,61.8,1500398464,0xe0000
