1790594240.116,47.7,1500398464,0xe0000
1790594241.139,49.1,1500398464,0xe0000
1790594242.179,53.0,1500345728,0xe0000
1790594243.251,54.0,1500345728,0xe0000
1790594244.280,55.0,1500345728,0xe0000
1790594245.359,55.0,1500345728,0xe0000
1790594246.443,56.0,1500345728,0xe0000
1790594247.515,56.0,1500345728,0xe0000
1790594248.587,56.9,1500345728,0xe0000
1790594249.671,56.9,1500345728,0xe0000
1790594250.740,56.9,1500345728,0xe0000
1790594251.778,56.9,1500345728,0xe0000
1790594252.822,57.9,1500398464,0xe0000
1790594253.886,57.9,1500345728,0xe0000
1790594254.935,56.9,1500398464,0xe0000
1790594256.003,58.4,1500345728,0xe0000
1790594257.087,58.4,1500345728,0xe0000
1790594258.171,58.4,1500345728,0xe0000
1790594259.243,57.4,1500345728,0xe0000
