1790593955.261,49.6,1500345728,0xe0000
1790593956.283,50.6,1500345728,0xe0000
1790593957.319,54.0,1500345728,0xe0000
1790593958.403,53.5,1500345728,0xe0000
1790593959.487,54.5,1500398464,0xe0000
1790593960.542,54.0,1500398464,0xe0000
1790593961.578,56.0,1500398464,0xe0000
1790593962.623,55.5,1500345728,0xe0000
1790593963.695,55.5,1500345728,0xe0000
1790593964.731,54.5,1500345728,0xe0000
1790593965.807,56.0,1500398464,0xe0000
1790593966.847,56.4,1500398464,0xe0000
1790593967.919,55.5,1500345728,0xe0000
1790593968.955,55.5,1500345728,0xe0000
1790593970.027,53.0,1500398464,0xe0000
1790593971.067,56.4,1500345728,0xe0000
1790593972.147,56.4,1500345728,0xe0000
1790593973.226,56.4,1500345728,0xe0000
1790593974.283,55.0,1500345728,0xe0000
1790593975.355,53.5,1500398464,0xe0000
1790593976.395,56.0,1500345728,0xe0000
1790593977.479,54.5,1500345728,0xe0000
1790593978.567,55.0,1500345728,0xe0000
1790593979.639,54.5,1500398464,0xe0000
1790593980.678,56.0,1500345728,0xe0000
1790593981.727,55.5,1500398464,0xe0000
1790593982.799,55.0,1500398464,0xe0000
1790593983.837,54.5,1500398464,0xe0000
1790593984.911,55.5,1500345728,0xe0000
1790593985.947,55.5,1500398464,0xe0000
1790593987.019,54.5,1500345728,0xe0000
1790593988.059,55.0,1500345728,0xe0000
1790593989.131,54.0,1500345728,0xe0000
1790593990.171,55.0,1500345728,0xe0000
1790593991.243,55.5,1500345728,0xe0000
1790593992.322,55.0,1500398464,0xe0000
1790593993.375,54.0,1500345728,0xe0000
1790593994.447,55.0,1500398464,0xe0000
1790593995.483,56.0,1500345728,0xe0000
1790593996.575,55.0,1500345728,0xe0000
1790593997.659,55.0,1500398464,0xe0000
1790593998.730,53.5,1500345728,0xe0000
1790593999.759,56.4,1500398464,0xe0000
1790594000.803,55.0,1500398464,0xe0000
1790594001.875,55.5,1500345728,0xe0000
1790594002.911,55.5,1500398464,0xe0000
1790594003.987,55.5,1500398464,0xe0000
1790594005.035,56.0,1500345728,0xe0000
1790594006.107,54.0,1500345728,0xe0000
1790594007.143,56.0,1500345728,0xe0000
1790594008.211,54.5,1500345728,0xe0000
1790594009.251,55.5,1500345728,0xe0000
1790594010.327,56.0,1500345728,0xe0000
1790594011.414,56.0,1500398464,0xe0000
1790594012.471,54.0,1500398464,0xe0000
1790594013.543,55.5,1500345728,0xe0000
1790594014.583,56.9,1500345728,0xe0000
1790594015.667,55.0,1500345728,0xe0000
1790594016.751,56.9,1500345728,0xe0000
1790594017.823,52.5,1500345728,0xe0000
1790594018.862,56.9,1500345728,0xe0000
1790594019.915,55.5,1500345728,0xe0000
1790594020.990,55.0,1500345728,0xe0000
1790594022.030,55.0,1500345728,0xe0000
1790594023.107,56.0,1500345728,0xe0000
1790594024.139,55.0,1500398464,0xe0000
1790594025.211,56.0,1500345728,0xe0000
1790594026.251,56.0,1500398464,0xe0000
1790594027.323,53.5,1500345728,0xe0000
1790594028.359,56.4,1500398464,0xe0000
1790594029.427,55.0,1500398464,0xe0000
1790594030.518,55.5,1500345728,0xe0000
1790594031.572,54.5,1500398464,0xe0000
1790594032.647,54.5,1500398464,0xe0000
1790594033.687,56.4,1500345728,0xe0000
1790594034.771,56.4,1500398464,0xe0000
1790594035.855,56.9,1500345728,0xe0000
1790594036.927,54.5,1500398464,0xe0000
1790594037.966,56.9,1500398464,0xe0000
1790594039.023,56.4,1500398464,0xe0000
1790594040.091,56.4,1500398464,0xe0000
1790594041.130,56.4,1500345728,0xe0000
1790594042.207,56.4,1500398464,0xe0000
1790594043.247,56.0,1500398464,0xe0000
1790594044.315,55.0,1500345728,0xe0000
1790594045.355,56.9,1500345728,0xe0000
1790594046.427,54.5,1500345728,0xe0000
1790594047.467,56.0,1500398464,0xe0000
1790594048.535,56.0,1500398464,0xe0000
1790594049.618,56.4,1500345728,0xe0000
1790594050.671,55.5,1500398464,0xe0000
1790594051.743,55.5,1500398464,0xe0000
1790594052.779,56.9,1500345728,0xe0000
1790594053.863,55.0,1500398464,0xe0000
1790594054.947,56.4,1500398464,0xe0000
1790594056.019,54.5,1500398464,0xe0000
1790594057.058,56.9,1500398464,0xe0000
1790594058.107,56.9,1500345728,0xe0000
1790594059.179,56.4,1500398464,0xe0000
1790594060.222,56.4,1500345728,0xe0000
1790594061.299,56.4,1500398464,0xe0000
1790594062.339,57.4,1500398464,0xe0000
1790594063.411,55.0,1500345728,0xe0000
1790594064.450,56.9,1500345728,0xe0000
1790594065.539,56.0,1500345728,0xe0000
1790594066.579,57.9,1500398464,0xe0000
1790594067.659,56.4,1500345728,0xe0000
1790594068.746,57.4,1500398464,0xe0000
1790594069.786,54.5,1500398464,0xe0000
1790594070.847,56.0,1500398464,0xe0000
1790594071.887,56.9,1500398464,0xe0000
1790594072.959,55.0,1500345728,0xe0000
1790594073.995,55.0,1500398464,0xe0000
1790594075.063,55.0,1500398464,0xe0000
1790594076.103,56.9,1500398464,0xe0000
1790594077.179,56.9,1500398464,0xe0000
1790594078.262,56.4,1500345728,0xe0000
1790594079.322,55.0,1500345728,0xe0000
1790594080.390,56.9,1500345728,0xe0000
1790594081.447,56.4,1500398464,0xe0000
1790594082.519,54.5,1500345728,0xe0000
1790594083.555,56.0,1500345728,0xe0000
1790594084.627,54.0,1500345728,0xe0000
1790594085.667,55.0,1500345728,0xe0000
1790594086.755,56.4,1500398464,0xe0000
1790594087.830,56.4,1500398464,0xe0000
1790594088.882,55.0,1500398464,0xe0000
1790594089.905,55.0,1500345728,0xe0000
1790594090.943,56.0,1500398464,0xe0000
1790594092.023,54.5,1500398464,0xe0000
1790594093.063,55.5,1500345728,0xe0000
1790594094.135,55.0,1500345728,0xe0000
1790594095.175,55.0,1500345728,0xe0000
